species_model_name,ebird_code,alpha,target_coverage,n_pairs,n_individuals,empirical_coverage,median_prediction_set_cells,q75_prediction_set_cells,median_prediction_set_area_km2,q75_prediction_set_area_km2,median_probability_mass,median_prediction_set_max_distance_km,equivalent_probability_threshold,median_test_observed_probability
Calidris tenuirostris,grekno,0.05,0.95,9,6,100.0,350.0,479.0,32827.44578707214,45969.84635239051,0.9999946922034252,4895.969338712282,1.5836030784346066e-07,0.0036607915026108
Calidris tenuirostris,grekno,0.1,0.9,9,6,100.0,242.0,299.0,21635.22167054145,27257.73219781118,0.9993344002892436,2181.9424936474866,3.1125392671957664e-05,0.0036607915026108
Calidris tenuirostris,grekno,0.2,0.8,9,6,66.66666666666666,139.0,171.0,12133.470437561637,15223.124958635344,0.9552467581501808,2132.969054496049,0.0012734965174399,0.0036607915026108
Limosa lapponica,batgod,0.05,0.95,9,5,100.0,148.0,149.0,12878.332413754884,12984.75113627185,0.9961170961235396,1178.9083977802377,0.0002310779764611,0.0029314920900735
Limosa lapponica,batgod,0.1,0.9,9,5,100.0,148.0,149.0,12878.332413754884,12984.75113627185,0.9961170961235396,1178.9083977802377,0.0002310779764611,0.0029314920900735
Limosa lapponica,batgod,0.2,0.8,9,5,44.44444444444444,87.0,91.0,7844.895000672345,7898.554423407763,0.9246795085591192,1061.5013690819746,0.0029486727356184,0.0029314920900735
Numenius madagascariensis,faecur,0.05,0.95,267,6,95.13108614232208,175.0,200.5,16926.30041792762,19744.2132895811,0.9965820046785338,3370.725374819055,7.518812888421057e-05,0.021311752781116
Numenius madagascariensis,faecur,0.1,0.9,267,6,92.50936329588016,81.0,109.5,7732.145106776142,9522.63348152832,0.9645128409329188,1783.5115949416254,0.0011266725449765,0.021311752781116
Numenius madagascariensis,faecur,0.2,0.8,267,6,79.40074906367042,35.0,47.0,3464.465164216932,4171.6605060236725,0.8323048668642943,1055.7670584563882,0.0064122460242406,0.021311752781116
