common_name,scientific_name,ebird_code,status,recommended_role,notes
Far Eastern Curlew,Numenius madagascariensis,faecur,error download from 'https://st-download.ebird.org/v1/fetch?objKey=2023/faecur/weekly/faecur_abundance_median_3km_2023.tif&key=m7rlo3bgl1j5' failed,ebirdst_code_found__retry_minimal_pattern,"Species exists in ebirdst_runs but full download failed; retry only abundance_median_3km first, then add uncertainty products later."
Great Knot,Calidris tenuirostris,grekno,error download from 'https://st-download.ebird.org/v1/fetch?objKey=2023/grekno/weekly/grekno_abundance_upper_3km_2023.tif&key=m7rlo3bgl1j5' failed,ebirdst_code_found__retry_minimal_pattern,"Species exists in ebirdst_runs but full download failed; retry only abundance_median_3km first, then add uncertainty products later."
Bar-tailed Godwit,Limosa lapponica,batgod,error download from 'https://st-download.ebird.org/v1/fetch?objKey=2023/batgod/weekly/batgod_abundance_lower_3km_2023.tif&key=m7rlo3bgl1j5' failed,ebirdst_code_found__retry_minimal_pattern,"Species exists in ebirdst_runs but full download failed; retry only abundance_median_3km first, then add uncertainty products later."
Red Knot,Calidris canutus,redkno,error download from 'https://st-download.ebird.org/v1/fetch?objKey=2023/redkno/weekly/redkno_abundance_lower_3km_2023.tif&key=m7rlo3bgl1j5' failed,ebirdst_code_found__retry_minimal_pattern,"Species exists in ebirdst_runs but full download failed; retry only abundance_median_3km first, then add uncertainty products later."
Swan Goose,Anser cygnoides,,not_found,no_ebirdst_status_product__use_occurrence_tracking_census_or_custom_sdm,"Not listed in ebirdst_runs for S&T; do not force ebirdst_download_status. Use eBird EBD/GBIF/China records/tracking/census, or build custom weekly SDM later."
Greater White-fronted Goose,Anser albifrons,gwfgoo,error download from 'https://st-download.ebird.org/v1/fetch?objKey=2023/gwfgoo/weekly/gwfgoo_abundance_lower_3km_2023.tif&key=m7rlo3bgl1j5' failed,ebirdst_code_found__retry_minimal_pattern,"Species exists in ebirdst_runs but full download failed; retry only abundance_median_3km first, then add uncertainty products later."
Oriental Stork,Ciconia boyciana,oristo1,ok,ebirdst_ready,S&T package appears downloaded; use in main BirdFlow pipeline.
Siberian Crane,Leucogeranus leucogeranus,,not_found,no_ebirdst_status_product__use_occurrence_tracking_census_or_custom_sdm,"Not listed in ebirdst_runs for S&T; do not force ebirdst_download_status. Use eBird EBD/GBIF/China records/tracking/census, or build custom weekly SDM later."
Hooded Crane,Grus monacha,,not_found,no_ebirdst_status_product__use_occurrence_tracking_census_or_custom_sdm,"Not listed in ebirdst_runs for S&T; do not force ebirdst_download_status. Use eBird EBD/GBIF/China records/tracking/census, or build custom weekly SDM later."
White-naped Crane,Antigone vipio,,not_found,no_ebirdst_status_product__use_occurrence_tracking_census_or_custom_sdm,"Not listed in ebirdst_runs for S&T; do not force ebirdst_download_status. Use eBird EBD/GBIF/China records/tracking/census, or build custom weekly SDM later."
